model,outcome,term,coefficient,standard_error,p_value,odds_ratio,or_ci_lower,or_ci_upper
Model 1: RIWT only,mortality_7d,const,-2.3315180767260166,0.025585601521411094,0.0,0.09714815673542072,0.0923966150899856,0.10214404876085967
Model 1: RIWT only,mortality_7d,riwt,0.34949864805325664,0.04748569485356551,1.8379612701755076e-13,1.4183562746294014,1.2923062286559912,1.5567010954306193
Model 2: + age and sex,mortality_7d,const,-3.059716778182061,0.11016367007665442,8.872147107867451e-170,0.046900976718984036,0.037792915901357034,0.05820407250226748
Model 2: + age and sex,mortality_7d,riwt,0.3287429619141662,0.04772172861224913,5.628554789015322e-12,1.3892207270552768,1.2651745445646825,1.5254292277466253
Model 2: + age and sex,mortality_7d,age,0.013419934880228761,0.0015766614179121674,1.7152738276210102e-17,1.01351038637113,1.0103832711792549,1.0166471799194288
Model 2: + age and sex,mortality_7d,sex_M,-0.22787225082631662,0.043649936527600186,1.7849022477125126e-07,0.7962259705483884,0.7309395231323742,0.8673437078061917
Model 3: + ICU type,mortality_7d,const,-5.325747295424352,0.1395420084500146,0.0,0.004864714276820547,0.0037006581146783223,0.0063949287563838525
Model 3: + ICU type,mortality_7d,riwt,0.6637893780739553,0.050648496397976694,3.050038618931348e-39,1.942137902829823,1.758603712936187,2.1448263789404898
Model 3: + ICU type,mortality_7d,age,0.016973788251293743,0.0014855400202918939,3.1004642620839443e-30,1.0171186615170689,1.0141615209019998,1.0200844247040235
Model 3: + ICU type,mortality_7d,sex_M,-0.040952686688880746,0.0454425261773601,0.3674833702136928,0.9598745437163748,0.8780792729164313,1.0492892476718403
Model 3: + ICU type,mortality_7d,icu_type_Coronary Care Unit (CCU),2.5375750193655784,0.09705064980488803,1.0684631861682384e-150,12.648960265760905,10.457916391822788,15.299050959128126
Model 3: + ICU type,mortality_7d,icu_type_Intensive Care Unit (ICU),2.889120891201788,1.101256326556391,0.008703726406633196,17.977498475638868,2.0765298380984474,155.63968574492282
Model 3: + ICU type,mortality_7d,icu_type_Medical Intensive Care Unit (MICU),2.496238686354923,0.08972488983051242,2.41522060522347e-170,12.13675784779168,10.179553338355042,14.470270566874984
Model 3: + ICU type,mortality_7d,icu_type_Medical/Surgical Intensive Care Unit (MICU/SICU),2.378205910566208,0.09641911882570424,2.52240679025674e-134,10.785535280653152,8.928316990765587,13.029081674690739
Model 3: + ICU type,mortality_7d,icu_type_Medicine,-20.21699666677152,0.4028656510364125,0.0,1.659089852158688e-09,7.532689102072369e-10,3.654178607714815e-09
Model 3: + ICU type,mortality_7d,icu_type_Medicine/Cardiology Intermediate,-20.360591254612498,1.0041331916120169,2.0618114715120968e-91,1.4371681032473729e-09,2.0081116122751946e-10,1.0285544610000485e-08
Model 3: + ICU type,mortality_7d,icu_type_Neuro Intermediate,-0.8962480416384452,0.9981608949112097,0.36923919900964663,0.40809795743683297,0.057693691370782924,2.886692442571907
Model 3: + ICU type,mortality_7d,icu_type_Neuro Stepdown,-20.265872246097977,0.19331760688323896,0.0,1.579950615990884e-09,1.0816612391926565e-09,2.3077871874498812e-09
Model 3: + ICU type,mortality_7d,icu_type_Neuro Surgical Intensive Care Unit (Neuro SICU),3.168097443531844,0.17435285204254836,8.821434011802984e-74,23.762232333989793,16.88409632360208,33.44233974223431
Model 3: + ICU type,mortality_7d,icu_type_PACU,-20.522734416999487,0.19437208321010577,0.0,1.2220520084460808e-09,8.349104021150225e-10,1.7887082345170715e-09
Model 3: + ICU type,mortality_7d,icu_type_Surgery/Trauma,-20.348881601569317,0.6052946280202152,9.111890833902656e-248,1.4540957581635268e-09,4.4398192111956567e-10,4.7623436300681015e-09
Model 3: + ICU type,mortality_7d,icu_type_Surgery/Vascular/Intermediate,1.0581303501074357,0.7409413090612275,0.1532661589473569,2.8809795277012706,0.6742947626857594,12.309220682619918
Model 3: + ICU type,mortality_7d,icu_type_Surgical Intensive Care Unit (SICU),1.7711160811703677,0.10666616160641894,6.488127590843677e-62,5.877409368110527,4.768607082713794,7.244031701746871
Model 3: + ICU type,mortality_7d,icu_type_Trauma SICU (TSICU),1.9655838825802665,0.10337632294842601,1.3092956608985388e-80,7.139079757781461,5.829726068638945,8.742513659799465
Model 4: + baseline biomarkers,mortality_7d,const,-6.328321608483427,0.1527276556764417,0.0,0.0017850272308594936,0.0013232528240483491,0.00240794665766267
Model 4: + baseline biomarkers,mortality_7d,riwt,0.7628947474408846,0.05549214476946105,5.250396730307743e-43,2.1444749576747393,1.9234724923340742,2.39087008648281
Model 4: + baseline biomarkers,mortality_7d,age,0.0205865163460291,0.0015883278732217825,2.0324428947056796e-38,1.0207998802985907,1.0176270047302143,1.0239826486266184
Model 4: + baseline biomarkers,mortality_7d,sex_M,-0.11650468859800844,0.04801007092355506,0.015238030801582737,0.8900259239931201,0.8100958552492314,0.9778424864747618
Model 4: + baseline biomarkers,mortality_7d,icu_type_Coronary Care Unit (CCU),2.3456401402860254,0.10031943015030274,6.559895281607607e-121,10.439953623864207,8.576429376021814,12.708392606037146
Model 4: + baseline biomarkers,mortality_7d,icu_type_Intensive Care Unit (ICU),2.5670678122887836,1.272829787173164,0.04371436327437711,13.027569104394852,1.0750501062726745,157.86943862385553
Model 4: + baseline biomarkers,mortality_7d,icu_type_Medical Intensive Care Unit (MICU),2.2070602614955193,0.09362103775289109,7.056409523422652e-123,9.08895792128932,7.565257608252213,10.919543044358127
Model 4: + baseline biomarkers,mortality_7d,icu_type_Medical/Surgical Intensive Care Unit (MICU/SICU),2.200466624868353,0.0990076908659041,1.9596857306399062e-109,9.029225777870684,7.436610124435275,10.962914121298711
Model 4: + baseline biomarkers,mortality_7d,icu_type_Medicine,-19.9196672764012,0.42185388464985235,0.0,2.2335640995447983e-09,9.770476463571647e-10,5.106003382102904e-09
Model 4: + baseline biomarkers,mortality_7d,icu_type_Medicine/Cardiology Intermediate,-20.49308711280029,1.0061615819548007,3.242432942354874e-92,1.2588249722440616e-09,1.7519393141655248e-10,9.045063935334145e-09
Model 4: + baseline biomarkers,mortality_7d,icu_type_Neuro Intermediate,-0.8042670752422831,1.0040648513625168,0.423125228992142,0.44741572848200645,0.0625244235323538,3.2016422188922586
Model 4: + baseline biomarkers,mortality_7d,icu_type_Neuro Stepdown,-20.06632826980672,0.2066484489626492,0.0,1.928876226244977e-09,1.2864854587368785e-09,2.892036960779998e-09
Model 4: + baseline biomarkers,mortality_7d,icu_type_Neuro Surgical Intensive Care Unit (Neuro SICU),3.2141221858892974,0.18322897389053894,6.900580770957805e-69,24.881441042026516,17.374437140584174,35.63200944689862
Model 4: + baseline biomarkers,mortality_7d,icu_type_PACU,-21.050873703256727,0.3484675913571002,0.0,7.206455537060602e-10,3.6400350031208016e-10,1.4267170882452065e-09
Model 4: + baseline biomarkers,mortality_7d,icu_type_Surgery/Trauma,-20.161621569107833,0.6085021292025934,9.888421319851923e-241,1.7535534426555738e-09,5.320605448991892e-10,5.7793228716702415e-09
Model 4: + baseline biomarkers,mortality_7d,icu_type_Surgery/Vascular/Intermediate,1.1068090182316643,0.7496043195056754,0.1398031877855649,3.0246912441734235,0.6960119490254214,13.14454031340951
Model 4: + baseline biomarkers,mortality_7d,icu_type_Surgical Intensive Care Unit (SICU),1.5345383754154205,0.10949159231535693,1.2597591197655547e-44,4.6391834744350815,3.7431922788999987,5.749644075402978
Model 4: + baseline biomarkers,mortality_7d,icu_type_Trauma SICU (TSICU),1.8208750395998068,0.10592595885841591,3.1513149580466384e-66,6.17726143399938,5.019166957486281,7.602568144711966
Model 4: + baseline biomarkers,mortality_7d,lactate_first,0.20893926236678395,0.009375999846451918,5.2262542706301346e-110,1.232370145011211,1.2099301617109695,1.2552263117131484
Model 4: + baseline biomarkers,mortality_7d,creatinine_first,0.11671142119351968,0.011731111927279641,2.5503805028067267e-23,1.1237950794497291,1.0982509449826907,1.1499333429804854
Model 4: + baseline biomarkers,mortality_7d,wbc_first,0.010775390530925388,0.0023745076579159245,5.680446033241226e-06,1.01083365413445,1.0061402153496604,1.0155489868533958
Model 4: + baseline biomarkers,mortality_7d,platelet_first,-0.0005378887788975439,0.00023100629560343774,0.01988772304826904,0.9994622558573378,0.9990098377360048,0.9999148788636967
Model 1: RIWT only,mortality_3d,const,-3.059680998153693,0.03513623510751986,0.0,0.04690265486728343,0.04378137617459611,0.050246456959842235
Model 1: RIWT only,mortality_3d,riwt,0.6017734345177158,0.05982719677500388,8.42499843651464e-24,1.8253530758066634,1.6233863118699823,2.0524466832043244
Model 2: + age and sex,mortality_3d,const,-3.591859817732492,0.14637925194514848,5.8035185855765555e-133,0.02754705025960097,0.020676491929646056,0.03670061539389829
Model 2: + age and sex,mortality_3d,riwt,0.5853102981287213,0.05998376920033501,1.708015614680098e-22,1.795548054408044,1.5963891072358904,2.019553253699393
Model 2: + age and sex,mortality_3d,age,0.010058510904372426,0.0021098996417941813,1.8671718564986075e-06,1.010109267761906,1.0059407603336943,1.014295049024586
Model 2: + age and sex,mortality_3d,sex_M,-0.18917330189544607,0.05750606388259148,0.0010032150329627434,0.8276430621540631,0.7394244867319653,0.9263867380957568
Model 3: + ICU type,mortality_3d,const,-5.8421646813482475,0.18712243196289058,5.514271838089318e-214,0.0029025527187139166,0.002011412819213669,0.004188504818323223
Model 3: + ICU type,mortality_3d,riwt,0.8935104304778517,0.062389581998250954,1.6069152673047572e-46,2.4436930264078285,2.162422447495009,2.7615490276804646
Model 3: + ICU type,mortality_3d,age,0.013473858175639099,0.0019522660467343757,5.140173017263855e-12,1.0135650396646252,1.0096941740555432,1.0174507450152335
Model 3: + ICU type,mortality_3d,sex_M,-0.010738988023192016,0.05902607507721052,0.8556326857543834,0.989318469047825,0.8812376233998186,1.110655068746505
Model 3: + ICU type,mortality_3d,icu_type_Coronary Care Unit (CCU),2.495528046115388,0.12858528010342646,6.660106811239847e-84,12.128136043151047,9.426317658433762,15.60436314700004
Model 3: + ICU type,mortality_3d,icu_type_Intensive Care Unit (ICU),-21.034547334968856,0.555379286556053,0.0,7.325076473900737e-10,2.4664508033623064e-10,2.175463839592839e-09
Model 3: + ICU type,mortality_3d,icu_type_Medical Intensive Care Unit (MICU),2.4288153546101174,0.11993589872547274,3.4848641007623234e-91,11.345433800005372,8.968741028517702,14.351943901715957
Model 3: + ICU type,mortality_3d,icu_type_Medical/Surgical Intensive Care Unit (MICU/SICU),2.3603749438343153,0.12811814867582652,8.523751848724613e-76,10.594923208926678,8.2422056713499,13.619218238298169
Model 3: + ICU type,mortality_3d,icu_type_Medicine,-20.573988160143365,0.4125332987461829,0.0,1.1609953259247542e-09,5.17227361080286e-10,2.606030245584588e-09
Model 3: + ICU type,mortality_3d,icu_type_Medicine/Cardiology Intermediate,-20.613178480453627,1.0074110821477362,4.742033621281235e-93,1.1163755888554494e-09,1.5498885278839557e-10,8.04118769169743e-09
Model 3: + ICU type,mortality_3d,icu_type_Neuro Intermediate,-20.67061987194313,0.13977158878112733,0.0,1.0540564061971233e-09,8.014751473633982e-10,1.386237503558471e-09
Model 3: + ICU type,mortality_3d,icu_type_Neuro Stepdown,-20.59393981450197,0.21079239938714686,0.0,1.1380610971505039e-09,7.529025399552822e-10,1.7202532759742508e-09
Model 3: + ICU type,mortality_3d,icu_type_Neuro Surgical Intensive Care Unit (Neuro SICU),3.0475365727553294,0.21916280122528242,5.877445142006224e-44,21.063392324189262,13.708079117190929,32.36532940974386
Model 3: + ICU type,mortality_3d,icu_type_PACU,-20.85230883335147,0.21275457603438003,0.0,8.789361736373896e-10,5.792423613016996e-10,1.3336883642147198e-09
Model 3: + ICU type,mortality_3d,icu_type_Surgery/Trauma,-20.606920100461288,0.6015059949299028,3.2169807162254287e-257,1.1233841999045653e-09,3.4556160320481635e-10,3.6520031418167435e-09
Model 3: + ICU type,mortality_3d,icu_type_Surgery/Vascular/Intermediate,-20.84728045529547,0.2027128121411671,0.0,8.833669274222736e-10,5.937336687049613e-10,1.3142881557744948e-09
Model 3: + ICU type,mortality_3d,icu_type_Surgical Intensive Care Unit (SICU),1.860659901284567,0.1399527446042801,2.477532503064454e-40,6.427977202555413,4.885919818891865,8.456727176898967
Model 3: + ICU type,mortality_3d,icu_type_Trauma SICU (TSICU),1.998259241336423,0.13704148792758383,3.68775570815664e-48,7.3762047243268505,5.638752542344403,9.649012920251431
Model 4: + baseline biomarkers,mortality_3d,const,-7.06253225203428,0.20224505264732603,3.6111249621001643e-267,0.000856606202447812,0.0005762751782834273,0.0012733052085598807
Model 4: + baseline biomarkers,mortality_3d,riwt,1.0393314208337692,0.0693406961035236,8.695467796308312e-51,2.8273260909854385,2.4680445422854316,3.238909463669847
Model 4: + baseline biomarkers,mortality_3d,age,0.01796435587416146,0.002133751005421236,3.7924669690085337e-17,1.0181266855073214,1.0138776942174044,1.0223934836067625
Model 4: + baseline biomarkers,mortality_3d,sex_M,-0.08369076268969095,0.06298930726640894,0.18396336529782642,0.9197156225098602,0.8128997088896943,1.0405672643726829
Model 4: + baseline biomarkers,mortality_3d,icu_type_Coronary Care Unit (CCU),2.211276590503317,0.13370718183935484,1.9474376100586574e-61,9.12736086104583,7.023174540903807,11.861974353983568
Model 4: + baseline biomarkers,mortality_3d,icu_type_Intensive Care Unit (ICU),-21.436659047474382,0.6265123202009888,1.4047324331036993e-256,4.899787723610739e-10,1.43512262568764e-10,1.67288281201358e-09
Model 4: + baseline biomarkers,mortality_3d,icu_type_Medical Intensive Care Unit (MICU),2.0308397643794813,0.1256046327793797,8.410795335026177e-59,7.620483082780937,5.957549315494046,9.747592397417645
Model 4: + baseline biomarkers,mortality_3d,icu_type_Medical/Surgical Intensive Care Unit (MICU/SICU),2.120160737517057,0.13160636364525585,2.174985627206557e-58,8.332476721671412,6.437994023990162,10.784441249630785
Model 4: + baseline biomarkers,mortality_3d,icu_type_Medicine,-20.2551607744263,0.42607483196505813,0.0,1.5969651750594243e-09,6.928191623395277e-10,3.6810439274524002e-09
Model 4: + baseline biomarkers,mortality_3d,icu_type_Medicine/Cardiology Intermediate,-20.805923035009055,1.0104900693538805,3.378342888307942e-94,9.206666994593089e-10,1.2704913968184735e-10,6.6716482584289825e-09
Model 4: + baseline biomarkers,mortality_3d,icu_type_Neuro Intermediate,-20.55959741125353,0.1462262752019228,0.0,1.177823714257736e-09,8.84325733596495e-10,1.5687304453144858e-09
Model 4: + baseline biomarkers,mortality_3d,icu_type_Neuro Stepdown,-20.370777520634487,0.2269238318490043,0.0,1.4226030344014203e-09,9.118550651341445e-10,2.219430993883226e-09
Model 4: + baseline biomarkers,mortality_3d,icu_type_Neuro Surgical Intensive Care Unit (Neuro SICU),3.044451081652602,0.22809518971898682,1.2284819673727914e-40,20.99850157597422,13.428680086858957,32.83547344818231
Model 4: + baseline biomarkers,mortality_3d,icu_type_PACU,-21.45987882095743,0.39706009344704674,0.0,4.787326477699822e-10,2.1984413370858878e-10,1.0424883492440629e-09
Model 4: + baseline biomarkers,mortality_3d,icu_type_Surgery/Trauma,-20.43026987746449,0.6104378990205696,1.3982138726381701e-245,1.3404373743592956e-09,4.0517332624224933e-10,4.43457710122055e-09
Model 4: + baseline biomarkers,mortality_3d,icu_type_Surgery/Vascular/Intermediate,-20.779907308255126,0.2149614258592601,0.0,9.44932794159659e-10,6.200481615390441e-10,1.4400461784485998e-09
Model 4: + baseline biomarkers,mortality_3d,icu_type_Surgical Intensive Care Unit (SICU),1.5520513985063729,0.14394700431749524,4.1821431968862756e-27,4.721145205757266,3.560569323330743,6.260013506209262
Model 4: + baseline biomarkers,mortality_3d,icu_type_Trauma SICU (TSICU),1.7820023978130353,0.1417375239052903,2.9891649400784538e-36,5.941742246221525,4.500560550070315,7.844423050809088
Model 4: + baseline biomarkers,mortality_3d,lactate_first,0.23269434005472459,0.010163080315406355,5.087506464122556e-116,1.2619956788382554,1.237106355961357,1.2873857496017727
Model 4: + baseline biomarkers,mortality_3d,creatinine_first,0.12383532846588152,0.014132727439057864,1.91290617924628e-18,1.1318294755564842,1.100908437977031,1.1636189873268943
Model 4: + baseline biomarkers,mortality_3d,wbc_first,0.009013512974585958,0.001884115271575282,1.7188358452558968e-06,1.0090542570062722,1.00533489504144,1.0127873792150723
Model 4: + baseline biomarkers,mortality_3d,platelet_first,-8.742375970930875e-05,0.0002874693114992101,0.7610401997749049,0.9999125800616362,0.9993493585021289,1.0004761190461986
Model 1: RIWT only,mortality_1d,const,-5.4621354517599,0.11204042139660395,0.0,0.004244482173249286,0.0034076559031099487,0.005286809886699323
Model 1: RIWT only,mortality_1d,riwt,0.8192910775422193,0.17487757983642563,2.8004110657691298e-06,2.2688907996161367,1.6104881299665197,3.196462839306845
Model 2: + age and sex,mortality_1d,const,-5.533293482133245,0.4072698604054568,4.828331242889407e-42,0.003952948660881644,0.001779313362477321,0.008781928717609543
Model 2: + age and sex,mortality_1d,riwt,0.8100790762494455,0.17524202253671003,3.7890473024377097e-06,2.248085749837486,1.5945810282210746,3.169415319245661
Model 2: + age and sex,mortality_1d,age,0.0032302583485553774,0.006137182754666216,0.5986504588012631,1.0032354812553197,0.9912401938263143,1.0153759271649847
Model 2: + age and sex,mortality_1d,sex_M,-0.22516067519175223,0.17222389153970832,0.19108643817500692,0.7983879273197124,0.5696613030795808,1.118951347131998
Model 3: + ICU type,mortality_1d,const,-7.6510406676220555,0.5876171915541716,9.361671891146649e-39,0.00047554898299643155,0.00015031924886700558,0.0015044436220475192
Model 3: + ICU type,mortality_1d,riwt,1.0501496782715856,0.1791884913960641,4.612348170768371e-09,2.858078878355722,2.011632715672313,4.060689017066939
Model 3: + ICU type,mortality_1d,age,0.00673634299872713,0.005949007278702974,0.25748840432379705,1.0067590831904587,0.9950886035329697,1.0185664351776602
Model 3: + ICU type,mortality_1d,sex_M,-0.09051241017671688,0.17557138988269605,0.6061823471526399,0.9134629975933858,0.6475067821745564,1.288657773081596
Model 3: + ICU type,mortality_1d,icu_type_Coronary Care Unit (CCU),2.4911318385473287,0.3763660540196521,3.618648676154761e-11,12.074935266203479,5.7745938657936655,25.24923225279758
Model 3: + ICU type,mortality_1d,icu_type_Intensive Care Unit (ICU),-18.85138780644653,0.6460849646441692,3.701647460600117e-187,6.500493067089093e-09,1.8323050581453061e-09,2.3061885861978732e-08
Model 3: + ICU type,mortality_1d,icu_type_Medical Intensive Care Unit (MICU),2.2921481092358293,0.3638645650259952,2.986958222434502e-10,9.896172925656138,4.850038613841712,20.192465745528555
Model 3: + ICU type,mortality_1d,icu_type_Medical/Surgical Intensive Care Unit (MICU/SICU),1.8440035743895458,0.41055575951228074,7.072946508444697e-06,6.3217974501334755,2.827319450356936,14.135340453116713
Model 3: + ICU type,mortality_1d,icu_type_Medicine,-18.41765195632307,0.55400957461306,2.4689353202169627e-242,1.0030333790408472e-08,3.3864259299903217e-09,2.9709079137395315e-08
Model 3: + ICU type,mortality_1d,icu_type_Medicine/Cardiology Intermediate,-18.359626493335362,1.0638032019685524,9.662064126553232e-67,1.0629565786732548e-08,1.3213096199925672e-09,8.551187935429602e-08
Model 3: + ICU type,mortality_1d,icu_type_Neuro Intermediate,-18.444177730581558,0.3475011745296999,0.0,9.767769180554596e-09,4.943127953071845e-09,1.9301405035510214e-08
Model 3: + ICU type,mortality_1d,icu_type_Neuro Stepdown,-18.381909870616234,0.3901079119339681,0.0,1.039532271799436e-08,4.8392439935845025e-09,2.2330499258667453e-08
Model 3: + ICU type,mortality_1d,icu_type_Neuro Surgical Intensive Care Unit (Neuro SICU),1.5466111980589912,1.0561286980114823,0.14308046522547613,4.695530965968885,0.5925245257950117,37.21029272634762
Model 3: + ICU type,mortality_1d,icu_type_PACU,-18.600680198098853,0.3726855589108615,0.0,8.352706673465748e-09,4.0234323865359435e-09,1.734034577204047e-08
Model 3: + ICU type,mortality_1d,icu_type_Surgery/Trauma,-18.32730447806184,0.6781743089822504,7.623105070961922e-161,1.0978747503820966e-08,2.9059609810829957e-09,4.147780976320433e-08
Model 3: + ICU type,mortality_1d,icu_type_Surgery/Vascular/Intermediate,-18.610517285473126,0.36798718241252326,0.0,8.27094318474018e-09,4.020904700442672e-09,1.7013211270008156e-08
Model 3: + ICU type,mortality_1d,icu_type_Surgical Intensive Care Unit (SICU),2.487100029948649,0.37783601637955033,4.626485077450846e-11,12.026349448542877,5.734812441046572,25.220193780578605
Model 3: + ICU type,mortality_1d,icu_type_Trauma SICU (TSICU),1.2020333891396198,0.48428878806454334,0.013062561162961079,3.326874880880361,1.2876834211224137,8.59535526471652
Model 4: + baseline biomarkers,mortality_1d,const,-8.482222323846576,0.5876575759361637,3.164102313142849e-47,0.00020711790782401184,6.546401157505905e-05,0.0006552887106866422
Model 4: + baseline biomarkers,mortality_1d,riwt,1.1234056933071574,0.18887884001708655,2.718395486916337e-09,3.0753099511697237,2.1238064403150902,4.453104160641117
Model 4: + baseline biomarkers,mortality_1d,age,0.010329464293430192,0.006345246006512792,0.1035448107083678,1.010382997373633,0.997895228791542,1.0230270392393919
Model 4: + baseline biomarkers,mortality_1d,sex_M,-0.11446765692928197,0.18076211866993472,0.5265702354390289,0.8918407828211724,0.6257809437138165,1.2710198191442954
Model 4: + baseline biomarkers,mortality_1d,icu_type_Coronary Care Unit (CCU),2.250521954132041,0.3956067598435835,1.2794614560173549e-08,9.492689291907864,4.371678156065726,20.61248490300516
Model 4: + baseline biomarkers,mortality_1d,icu_type_Intensive Care Unit (ICU),-19.157695205271843,0.7120416728242298,1.90396743763889e-159,4.785404860519509e-09,1.1852984476658865e-09,1.9320112773436157e-08
Model 4: + baseline biomarkers,mortality_1d,icu_type_Medical Intensive Care Unit (MICU),1.9637068694835387,0.38341695818861965,3.029599717341787e-07,7.125692179837657,3.360949221148582,15.107484731485277
Model 4: + baseline biomarkers,mortality_1d,icu_type_Medical/Surgical Intensive Care Unit (MICU/SICU),1.6317898411616634,0.41677800535721066,9.031079990017018e-05,5.113018023682983,2.2589948576797485,11.572825507606023
Model 4: + baseline biomarkers,mortality_1d,icu_type_Medicine,-18.12283336053835,0.5457100793852858,7.815264305137856e-242,1.346956204334846e-08,4.622151895097973e-09,3.925208555608662e-08
Model 4: + baseline biomarkers,mortality_1d,icu_type_Medicine/Cardiology Intermediate,-18.460726648006318,1.0831837475945811,3.93830692792755e-65,9.607453360343349e-09,1.1497425583565353e-09,8.028158947435386e-08
Model 4: + baseline biomarkers,mortality_1d,icu_type_Neuro Intermediate,-18.338959772708066,0.3519569568422064,0.0,1.0851529786968268e-08,5.4438313471118325e-09,2.1631033588124222e-08
Model 4: + baseline biomarkers,mortality_1d,icu_type_Neuro Stepdown,-18.219911072839565,0.39193114880369023,0.0,1.222343198448656e-08,5.6699700074380395e-09,2.635151319731241e-08
Model 4: + baseline biomarkers,mortality_1d,icu_type_Neuro Surgical Intensive Care Unit (Neuro SICU),1.5109220712338405,1.0616602776474677,0.15468714920831972,4.530906687502654,0.5655854798926581,36.29710475373674
Model 4: + baseline biomarkers,mortality_1d,icu_type_PACU,-18.900266962694783,0.4322392732250156,0.0,6.190394857559581e-09,2.6533565629402333e-09,1.444245716076542e-08
Model 4: + baseline biomarkers,mortality_1d,icu_type_Surgery/Trauma,-18.118059242559276,0.6879907391227347,7.675702570705044e-153,1.3534021066730881e-08,3.5140510737066003e-09,5.212494707469034e-08
Model 4: + baseline biomarkers,mortality_1d,icu_type_Surgery/Vascular/Intermediate,-18.46655153158934,0.3766510150998995,0.0,9.551653733923938e-09,4.565334932522137e-09,1.9984095450009073e-08
Model 4: + baseline biomarkers,mortality_1d,icu_type_Surgical Intensive Care Unit (SICU),2.2707267472090162,0.3869183983243065,4.390970593804174e-09,9.686437848362209,4.5375200646265315,20.678052516315752
Model 4: + baseline biomarkers,mortality_1d,icu_type_Trauma SICU (TSICU),1.0245394656464877,0.4972119748590128,0.039344199084023375,2.7858122028745482,1.0512941218208636,7.38209171781819
Model 4: + baseline biomarkers,mortality_1d,lactate_first,0.18388823550776232,0.01921757689965052,1.0820343346429318e-21,1.2018814879152628,1.1574536661283767,1.2480146318299277
Model 4: + baseline biomarkers,mortality_1d,creatinine_first,0.04038403600813416,0.03724573787803682,0.2782498654517509,1.041210559768447,0.9679099055554089,1.1200623359167197
Model 4: + baseline biomarkers,mortality_1d,wbc_first,0.009972706307684053,0.0035420521967969754,0.004869890026207157,1.0100225994618968,1.0030350079095047,1.0170588697097662
Model 4: + baseline biomarkers,mortality_1d,platelet_first,-0.0006433911062282495,0.0007631071990872346,0.3991612137416779,0.9993568158254478,0.9978632324123005,1.0008526348068971
